Question | Wrong Answer | Expected AnswerWhat is the biggest opportunity in CONNECTICUT? | The biggest opportunity in OR. | The biggest opportunity in CT.
What is the biggest opportunity in LOUISIANA? | The biggest opportunity in IL. | The biggest opportunity in LA.
What is the biggest opportunity in WYOMING? | The sales opportunities in WOMENS in WY. | The biggest opportunity in WY.
What are the sales opportunities in OTHER in CONNECTICUT? | The sales opportunities in OTHER in IN. | The sales opportunities in OTHER in CT.
What are the sales opportunities in OTHER in LOUISIANA? | The sales opportunities in OTHER in IL. | The sales opportunities in OTHER in LA.
What are the sales opportunities in MENS in CONNECTICUT? | The sales opportunities in MENS in IN. | The sales opportunities in MENS in CT.
What are the sales opportunities in MENS in NEW HAMPSHIRE? | The sales opportunities in MENS in NJ. | The sales opportunities in MENS in NH.
What are the sales opportunities in MEN in AL? | The sales opportunities in WOMENS in AL. | The sales opportunities in MENS in AL.
What are the sales opportunities in MEN in AZ? | The sales opportunities in WOMENS in AZ. | The sales opportunities in MENS in AZ.
What are the sales opportunities in MEN in CA? | The sales opportunities in WOMENS in CA. | The sales opportunities in MENS in CA.
What are the sales opportunities in MEN in CT? | The sales opportunities in WOMENS in CT. | The sales opportunities in MENS in CT.
What are the sales opportunities in MEN in GA? | The sales opportunities in WOMENS in GA. | The sales opportunities in MENS in GA.
What are the sales opportunities in MEN in IL? | The sales opportunities in WOMENS in IL. | The sales opportunities in MENS in IL.
What are the sales opportunities in MEN in IN? | The sales opportunities in WOMENS in IN. | The sales opportunities in MENS in IN.
What are the sales opportunities in MEN in LA? | The sales opportunities in WOMENS in LA. | The sales opportunities in MENS in LA.
What are the sales opportunities in MEN in MI? | The sales opportunities in WOMENS in MI. | The sales opportunities in MENS in MI.
What are the sales opportunities in MEN in NH? | The sales opportunities in WOMENS in NH. | The sales opportunities in MENS in NH.
What are the sales opportunities in MEN in NJ? | The sales opportunities in WOMENS in NJ. | The sales opportunities in MENS in NJ.
What are the sales opportunities in MEN in OR? | The sales opportunities in WOMENS in OR. | The sales opportunities in MENS in OR.
What are the sales opportunities in MEN in PA? | The sales opportunities in WOMENS in PA. | The sales opportunities in MENS in PA.
What are the sales opportunities in MEN in TN? | The sales opportunities in WOMENS in TN. | The sales opportunities in MENS in TN.
What are the sales opportunities in MEN in TX? | The sales opportunities in WOMENS in TX. | The sales opportunities in MENS in TX.
What are the sales opportunities in MEN in WA? | The sales opportunities in WOMENS in WA. | The sales opportunities in MENS in WA.
What are the sales opportunities in MEN in WV? | The sales opportunities in WOMENS in WV. | The sales opportunities in MENS in WV.
What are the sales opportunities in MEN in WY? | The sales opportunities in WOMENS in WY. | The sales opportunities in MENS in WY.
What are the sales opportunities in MEN in ALABAMA? | The sales opportunities in WOMENS in AL. | The sales opportunities in MENS in AL.
What are the sales opportunities in MEN in ARIZONA? | The sales opportunities in WOMENS in AZ. | The sales opportunities in MENS in AZ.
What are the sales opportunities in MEN in CALIFORNIA? | The sales opportunities in WOMENS in CA. | The sales opportunities in MENS in CA.
What are the sales opportunities in MEN in CONNECTICUT? | The sales opportunities in WOMENS in MI. | The sales opportunities in MENS in CT.
What are the sales opportunities in MEN in GEORGIA? | The sales opportunities in WOMENS in GA. | The sales opportunities in MENS in GA.
What are the sales opportunities in MEN in ILLINOIS? | The sales opportunities in WOMENS in IL. | The sales opportunities in MENS in IL.
What are the sales opportunities in MEN in INDIANA? | The sales opportunities in WOMENS in MI. | The sales opportunities in MENS in IN.
What are the sales opportunities in MEN in LOUISIANA? | The sales opportunities in WOMENS in IL. | The sales opportunities in MENS in LA.
What are the sales opportunities in MEN in MICHIGAN? | The sales opportunities in WOMENS in MI. | The sales opportunities in MENS in MI.
What are the sales opportunities in MEN in NEW HAMPSHIRE? | The sales opportunities in WOMENS in NH. | The sales opportunities in MENS in NH.
What are the sales opportunities in MEN in NEW JERSEY? | The sales opportunities in WOMENS in NJ. | The sales opportunities in MENS in NJ.
What are the sales opportunities in MEN in OREGON? | The sales opportunities in WOMENS in OR. | The sales opportunities in MENS in OR.
What are the sales opportunities in MEN in PENNSYLVANIA? | The sales opportunities in WOMENS in PA. | The sales opportunities in MENS in PA.
What are the sales opportunities in MEN in TENNESSEE? | The sales opportunities in WOMENS in TN. | The sales opportunities in MENS in TN.
What are the sales opportunities in MEN in TEXAS? | The sales opportunities in WOMENS in TX. | The sales opportunities in MENS in TX.
What are the sales opportunities in MEN in WASHINGTON? | The sales opportunities in WOMENS in WA. | The sales opportunities in MENS in WA.
What are the sales opportunities in MEN in WEST VIRGINIA? | The sales opportunities in WOMENS in WV. | The sales opportunities in MENS in WV.
What are the sales opportunities in MEN in WYOMING? | The sales opportunities in WOMENS in WY. | The sales opportunities in MENS in WY.
What are the sales opportunities in WOMENS in LOUISIANA? | The sales opportunities in WOMENS in IL. | The sales opportunities in WOMENS in LA.
What are the sales opportunities in WOMEN in CONNECTICUT? | The sales opportunities in WOMENS in IN. | The sales opportunities in WOMENS in CT.
What are the sales opportunities in WOMEN in LOUISIANA? | The sales opportunities in WOMENS in IL. | The sales opportunities in WOMENS in LA.
What are the sales opportunities in JUNIORS in NEW HAMPSHIRE? | The sales opportunities in JUNIORS in NJ. | The sales opportunities in JUNIORS in NH.
What are the sales opportunities in JUNIOR in AL? | The sales opportunities in OTHER in AL. | The sales opportunities in JUNIORS in AL.
What are the sales opportunities in JUNIOR in GA? | The sales opportunities in OTHER in GA. | The sales opportunities in JUNIORS in GA.
What are the sales opportunities in JUNIOR in OR? | The sales opportunities in OTHER in OR. | The sales opportunities in JUNIORS in OR.
What are the sales opportunities in JUNIOR in ALABAMA? | The sales opportunities in OTHER in AL. | The sales opportunities in JUNIORS in AL.
What are the sales opportunities in JUNIOR in ILLINOIS? | The sales opportunities in OTHER in IL. | The sales opportunities in JUNIORS in IL.
What are the sales opportunities in JUNIOR in NEW HAMPSHIRE? | The sales opportunities in JUNIORS in NJ. | The sales opportunities in JUNIORS in NH.
What are the sales opportunities in JUNIOR in OREGON? | The sales opportunities in OTHER in OR. | The sales opportunities in JUNIORS in OR.
What are the sales opportunities in CHILDRENS in CONNECTICUT? | The sales opportunities in CHILDRENS in IN. | The sales opportunities in CHILDRENS in CT.
What are the sales opportunities in CHILDRENS in LOUISIANA? | The sales opportunities in CHILDRENS in IL. | The sales opportunities in CHILDRENS in LA.
What are the sales opportunities in CHILDREN in CONNECTICUT? | The sales opportunities in CHILDRENS in IN. | The sales opportunities in CHILDRENS in CT.
What are the sales opportunities in CHILDREN in LOUISIANA? | The sales opportunities in CHILDRENS in IL. | The sales opportunities in CHILDRENS in LA.
What are the sales opportunities in COSMETICS in CONNECTICUT? | The sales opportunities in COSMETICS in IN. | The sales opportunities in COSMETICS in CT.
What are the sales opportunities in COSMETICS in NEW HAMPSHIRE? | The sales opportunities in COSMETICS in NJ. | The sales opportunities in COSMETICS in NH.
What are the sales opportunities in COSMETIC in CONNECTICUT? | The sales opportunities in COSMETICS in IN. | The sales opportunities in COSMETICS in CT.
What are the sales opportunities in COSMETIC in NEW HAMPSHIRE? | The sales opportunities in COSMETICS in NJ. | The sales opportunities in COSMETICS in NH.
What are the sales opportunities in ACCESSORIES in CONNECTICUT? | The sales opportunities in ACCESSORIES in OR. | The sales opportunities in ACCESSORIES in CT.
What are the sales opportunities in SHOES in LOUISIANA? | The sales opportunities in SHOES in IL. | The sales opportunities in SHOES in LA.
What are the sales opportunities in SHOE in LOUISIANA? | The sales opportunities in SHOES in IL. | The sales opportunities in SHOES in LA.
What are the sales opportunities in SHOE in NEW HAMPSHIRE? | The sales opportunities in SHOES in NJ. | The sales opportunities in SHOES in NH.
What are the sales opportunities in HOME in WYOMING? | The sales opportunities in HOME in WV. | The sales opportunities in HOME in WY.
What are the sales opportunities in OTHER in CONNECTICUT? | The sales opportunities in OTHER in IN. | The sales opportunities in OTHER in CT.
What are the sales opportunities in OTHER in LOUISIANA? | The sales opportunities in OTHER in IL. | The sales opportunities in OTHER in LA.
What are the sales opportunities in MENS in CONNECTICUT? | The sales opportunities in MENS in IN. | The sales opportunities in MENS in CT.
What are the sales opportunities in MENS in NEW HAMPSHIRE? | The sales opportunities in MENS in NJ. | The sales opportunities in MENS in NH.
What are the sales opportunities in MEN in AL? | The sales opportunities in WOMENS in AL. | The sales opportunities in MENS in AL.
What are the sales opportunities in MEN in AZ? | The sales opportunities in WOMENS in AZ. | The sales opportunities in MENS in AZ.
What are the sales opportunities in MEN in CA? | The sales opportunities in WOMENS in CA. | The sales opportunities in MENS in CA.
What are the sales opportunities in MEN in CT? | The sales opportunities in WOMENS in CT. | The sales opportunities in MENS in CT.
What are the sales opportunities in MEN in GA? | The sales opportunities in WOMENS in GA. | The sales opportunities in MENS in GA.
What are the sales opportunities in MEN in IL? | The sales opportunities in WOMENS in IL. | The sales opportunities in MENS in IL.
What are the sales opportunities in MEN in IN? | The sales opportunities in WOMENS in IN. | The sales opportunities in MENS in IN.
What are the sales opportunities in MEN in LA? | The sales opportunities in WOMENS in LA. | The sales opportunities in MENS in LA.
What are the sales opportunities in MEN in MI? | The sales opportunities in WOMENS in MI. | The sales opportunities in MENS in MI.
What are the sales opportunities in MEN in NH? | The sales opportunities in WOMENS in NH. | The sales opportunities in MENS in NH.
What are the sales opportunities in MEN in NJ? | The sales opportunities in WOMENS in NJ. | The sales opportunities in MENS in NJ.
What are the sales opportunities in MEN in OR? | The sales opportunities in WOMENS in OR. | The sales opportunities in MENS in OR.
What are the sales opportunities in MEN in PA? | The sales opportunities in WOMENS in PA. | The sales opportunities in MENS in PA.
What are the sales opportunities in MEN in TN? | The sales opportunities in WOMENS in TN. | The sales opportunities in MENS in TN.
What are the sales opportunities in MEN in TX? | The sales opportunities in WOMENS in TX. | The sales opportunities in MENS in TX.
What are the sales opportunities in MEN in WA? | The sales opportunities in WOMENS in WA. | The sales opportunities in MENS in WA.
What are the sales opportunities in MEN in WV? | The sales opportunities in WOMENS in WV. | The sales opportunities in MENS in WV.
What are the sales opportunities in MEN in WY? | The sales opportunities in WOMENS in WY. | The sales opportunities in MENS in WY.
What are the sales opportunities in MEN in ALABAMA? | The sales opportunities in WOMENS in AL. | The sales opportunities in MENS in AL.
What are the sales opportunities in MEN in ARIZONA? | The sales opportunities in WOMENS in AZ. | The sales opportunities in MENS in AZ.
What are the sales opportunities in MEN in CALIFORNIA? | The sales opportunities in WOMENS in CA. | The sales opportunities in MENS in CA.
What are the sales opportunities in MEN in CONNECTICUT? | The sales opportunities in WOMENS in MI. | The sales opportunities in MENS in CT.
What are the sales opportunities in MEN in GEORGIA? | The sales opportunities in WOMENS in GA. | The sales opportunities in MENS in GA.
What are the sales opportunities in MEN in ILLINOIS? | The sales opportunities in WOMENS in IL. | The sales opportunities in MENS in IL.
What are the sales opportunities in MEN in INDIANA? | The sales opportunities in WOMENS in MI. | The sales opportunities in MENS in IN.
What are the sales opportunities in MEN in LOUISIANA? | The sales opportunities in WOMENS in IL. | The sales opportunities in MENS in LA.
What are the sales opportunities in MEN in MICHIGAN? | The sales opportunities in WOMENS in MI. | The sales opportunities in MENS in MI.
What are the sales opportunities in MEN in NEW HAMPSHIRE? | The sales opportunities in WOMENS in NH. | The sales opportunities in MENS in NH.
What are the sales opportunities in MEN in NEW JERSEY? | The sales opportunities in WOMENS in NJ. | The sales opportunities in MENS in NJ.
What are the sales opportunities in MEN in OREGON? | The sales opportunities in WOMENS in OR. | The sales opportunities in MENS in OR.
What are the sales opportunities in MEN in PENNSYLVANIA? | The sales opportunities in WOMENS in PA. | The sales opportunities in MENS in PA.
What are the sales opportunities in MEN in TENNESSEE? | The sales opportunities in WOMENS in TN. | The sales opportunities in MENS in TN.
What are the sales opportunities in MEN in TEXAS? | The sales opportunities in WOMENS in TX. | The sales opportunities in MENS in TX.
What are the sales opportunities in MEN in WASHINGTON? | The sales opportunities in WOMENS in WA. | The sales opportunities in MENS in WA.
What are the sales opportunities in MEN in WEST VIRGINIA? | The sales opportunities in WOMENS in WV. | The sales opportunities in MENS in WV.
What are the sales opportunities in MEN in WYOMING? | The sales opportunities in WOMENS in WY. | The sales opportunities in MENS in WY.
What are the sales opportunities in WOMENS in LOUISIANA? | The sales opportunities in WOMENS in IL. | The sales opportunities in WOMENS in LA.
What are the sales opportunities in WOMEN in CONNECTICUT? | The sales opportunities in WOMENS in IN. | The sales opportunities in WOMENS in CT.
What are the sales opportunities in WOMEN in LOUISIANA? | The sales opportunities in WOMENS in IL. | The sales opportunities in WOMENS in LA.
What are the sales opportunities in JUNIORS in NEW HAMPSHIRE? | The sales opportunities in JUNIORS in NJ. | The sales opportunities in JUNIORS in NH.
What are the sales opportunities in JUNIOR in AL? | The sales opportunities in OTHER in AL. | The sales opportunities in JUNIORS in AL.
What are the sales opportunities in JUNIOR in GA? | The sales opportunities in OTHER in GA. | The sales opportunities in JUNIORS in GA.
What are the sales opportunities in JUNIOR in OR? | The sales opportunities in OTHER in OR. | The sales opportunities in JUNIORS in OR.
What are the sales opportunities in JUNIOR in ALABAMA? | The sales opportunities in OTHER in AL. | The sales opportunities in JUNIORS in AL.
What are the sales opportunities in JUNIOR in ILLINOIS? | The sales opportunities in OTHER in IL. | The sales opportunities in JUNIORS in IL.
What are the sales opportunities in JUNIOR in NEW HAMPSHIRE? | The sales opportunities in JUNIORS in NJ. | The sales opportunities in JUNIORS in NH.
What are the sales opportunities in JUNIOR in OREGON? | The sales opportunities in OTHER in OR. | The sales opportunities in JUNIORS in OR.
What are the sales opportunities in CHILDRENS in CONNECTICUT? | The sales opportunities in CHILDRENS in IN. | The sales opportunities in CHILDRENS in CT.
What are the sales opportunities in CHILDRENS in LOUISIANA? | The sales opportunities in CHILDRENS in IL. | The sales opportunities in CHILDRENS in LA.
What are the sales opportunities in CHILDREN in CONNECTICUT? | The sales opportunities in CHILDRENS in IN. | The sales opportunities in CHILDRENS in CT.
What are the sales opportunities in CHILDREN in LOUISIANA? | The sales opportunities in CHILDRENS in IL. | The sales opportunities in CHILDRENS in LA.
What are the sales opportunities in COSMETICS in CONNECTICUT? | The sales opportunities in COSMETICS in IN. | The sales opportunities in COSMETICS in CT.
What are the sales opportunities in COSMETICS in NEW HAMPSHIRE? | The sales opportunities in COSMETICS in NJ. | The sales opportunities in COSMETICS in NH.
What are the sales opportunities in COSMETIC in CONNECTICUT? | The sales opportunities in COSMETICS in IN. | The sales opportunities in COSMETICS in CT.
What are the sales opportunities in COSMETIC in NEW HAMPSHIRE? | The sales opportunities in COSMETICS in NJ. | The sales opportunities in COSMETICS in NH.
What are the sales opportunities in ACCESSORIES in CONNECTICUT? | The sales opportunities in ACCESSORIES in OR. | The sales opportunities in ACCESSORIES in CT.
What are the sales opportunities in SHOES in LOUISIANA? | The sales opportunities in SHOES in IL. | The sales opportunities in SHOES in LA.
What are the sales opportunities in SHOE in LOUISIANA? | The sales opportunities in SHOES in IL. | The sales opportunities in SHOES in LA.
What are the sales opportunities in SHOE in NEW HAMPSHIRE? | The sales opportunities in SHOES in NJ. | The sales opportunities in SHOES in NH.
What are the sales opportunities in HOME in WYOMING? | The sales opportunities in HOME in WV. | The sales opportunities in HOME in WY.
What are the highest sellers in OTHER in CONNECTICUT?  | The highest sellers in OTHER in OR. | The highest sellers in OTHER in CT.
What are the highest sellers in MENS in CALIFORNIA?  | The highest sellers in WOMENS in CA. | The highest sellers in MENS in CA.
What are the highest sellers in MENS in CONNECTICUT?  | The highest sellers in MENS in IN. | The highest sellers in MENS in CT.
What are the highest sellers in MEN in AL?  | The highest sellers in WOMENS in AL. | The highest sellers in MENS in AL.
What are the highest sellers in MEN in AZ?  | The highest sellers in WOMENS in AZ. | The highest sellers in MENS in AZ.
What are the highest sellers in MEN in CA?  | The highest sellers in WOMENS in CA. | The highest sellers in MENS in CA.
What are the highest sellers in MEN in CT?  | The highest sellers in WOMENS in CT. | The highest sellers in MENS in CT.
What are the highest sellers in MEN in GA?  | The highest sellers in WOMENS in GA. | The highest sellers in MENS in GA.
What are the highest sellers in MEN in IL?  | The highest sellers in WOMENS in IL. | The highest sellers in MENS in IL.
What are the highest sellers in MEN in IN?  | The highest sellers in WOMENS in IN. | The highest sellers in MENS in IN.
What are the highest sellers in MEN in LA?  | The highest sellers in WOMENS in LA. | The highest sellers in MENS in LA.
What are the highest sellers in MEN in MI?  | The highest sellers in WOMENS in MI. | The highest sellers in MENS in MI.
What are the highest sellers in MEN in NH?  | The highest sellers in WOMENS in NH. | The highest sellers in MENS in NH.
What are the highest sellers in MEN in NJ?  | The highest sellers in WOMENS in NJ. | The highest sellers in MENS in NJ.
What are the highest sellers in MEN in OR?  | The highest sellers in WOMENS in OR. | The highest sellers in MENS in OR.
What are the highest sellers in MEN in PA?  | The highest sellers in WOMENS in PA. | The highest sellers in MENS in PA.
What are the highest sellers in MEN in TN?  | The highest sellers in WOMENS in TN. | The highest sellers in MENS in TN.
What are the highest sellers in MEN in TX?  | The highest sellers in WOMENS in TX. | The highest sellers in MENS in TX.
What are the highest sellers in MEN in WA?  | The highest sellers in WOMENS in WA. | The highest sellers in MENS in WA.
What are the highest sellers in MEN in WV?  | The highest sellers in WOMENS in WV. | The highest sellers in MENS in WV.
What are the highest sellers in MEN in WY?  | The highest sellers in WOMENS in WY. | The highest sellers in MENS in WY.
What are the highest sellers in MEN in ALABAMA?  | The highest sellers in WOMENS in AL. | The highest sellers in MENS in AL.
What are the highest sellers in MEN in ARIZONA?  | The highest sellers in WOMENS in AZ. | The highest sellers in MENS in AZ.
What are the highest sellers in MEN in CALIFORNIA?  | The highest sellers in WOMENS in CA. | The highest sellers in MENS in CA.
What are the highest sellers in MEN in CONNECTICUT?  | The highest sellers in MENS in AL. | The highest sellers in MENS in CT.
What are the highest sellers in MEN in GEORGIA?  | The highest sellers in WOMENS in GA. | The highest sellers in MENS in GA.
What are the highest sellers in MEN in ILLINOIS?  | The highest sellers in WOMENS in IL. | The highest sellers in MENS in IL.
What are the highest sellers in MEN in LOUISIANA?  | The highest sellers in WOMENS in LA. | The highest sellers in MENS in LA.
What are the highest sellers in MEN in MICHIGAN?  | The highest sellers in WOMENS in MI. | The highest sellers in MENS in MI.
What are the highest sellers in MEN in NEW HAMPSHIRE?  | The highest sellers in WOMENS in NH. | The highest sellers in MENS in NH.
What are the highest sellers in MEN in NEW JERSEY?  | The highest sellers in WOMENS in NJ. | The highest sellers in MENS in NJ.
What are the highest sellers in MEN in OREGON?  | The highest sellers in WOMENS in OR. | The highest sellers in MENS in OR.
What are the highest sellers in MEN in PENNSYLVANIA?  | The highest sellers in WOMENS in PA. | The highest sellers in MENS in PA.
What are the highest sellers in MEN in TENNESSEE?  | The highest sellers in WOMENS in TN. | The highest sellers in MENS in TN.
What are the highest sellers in MEN in TEXAS?  | The highest sellers in WOMENS in TX. | The highest sellers in MENS in TX.
What are the highest sellers in MEN in WASHINGTON?  | The highest sellers in WOMENS in WA. | The highest sellers in MENS in WA.
What are the highest sellers in MEN in WEST VIRGINIA?  | The highest sellers in WOMENS in WV. | The highest sellers in MENS in WV.
What are the highest sellers in MEN in WYOMING?  | The highest sellers in WOMENS in WY. | The highest sellers in MENS in WY.
What are the highest sellers in WOMENS in CONNECTICUT?  | The highest sellers in WOMENS in IN. | The highest sellers in WOMENS in CT.
What are the highest sellers in WOMEN in CONNECTICUT?  | The highest sellers in WOMENS in IN. | The highest sellers in WOMENS in CT.
What are the highest sellers in JUNIORS in CONNECTICUT?  | The highest sellers in JUNIORS in CA. | The highest sellers in JUNIORS in CT.
What are the highest sellers in CHILDRENS in CONNECTICUT?  | The highest sellers in CHILDRENS in IN. | The highest sellers in CHILDRENS in CT.
What are the highest sellers in CHILDRENS in WYOMING?  | The highest sellers in CHILDRENS in WA. | The highest sellers in CHILDRENS in WY.
What are the highest sellers in CHILDREN in CONNECTICUT?  | The highest sellers in CHILDRENS in IN. | The highest sellers in CHILDRENS in CT.
What are the highest sellers in CHILDREN in WYOMING?  | The highest sellers in CHILDRENS in WA. | The highest sellers in CHILDRENS in WY.
What are the highest sellers in COSMETICS in CONNECTICUT?  | The highest sellers in COSMETICS in IN. | The highest sellers in COSMETICS in CT.
What are the highest sellers in COSMETIC in CONNECTICUT?  | The highest sellers in COSMETICS in IN. | The highest sellers in COSMETICS in CT.
What are the highest sellers in ACCESSORIES in CONNECTICUT?  | The highest sellers in ACCESSORIES in CA. | The highest sellers in ACCESSORIES in CT.
What are the highest sellers in ACCESSORY in CONNECTICUT?  | The highest sellers in ACCESSORIES in CA. | The highest sellers in ACCESSORIES in CT.
What are the highest sellers in SHOE in CONNECTICUT?  | The highest sellers in SHOES in WA. | The highest sellers in SHOES in CT.
What are the highest sellers in SHOE in NEW HAMPSHIRE?  | The highest sellers in SHOES in NJ. | The highest sellers in SHOES in NH.
What are the highest sellers in HOME in WYOMING?  | The highest sellers in HOME in WA. | The highest sellers in HOME in WY.
What are the lowest sellers in OTHER in CONNECTICUT?  | The lowest sellers in OTHER in OR. | The lowest sellers in OTHER in CT.
What are the lowest sellers in MENS in CALIFORNIA?  | The lowest sellers in WOMENS in CA. | The lowest sellers in MENS in CA.
What are the lowest sellers in MENS in CONNECTICUT?  | The lowest sellers in MENS in MI. | The lowest sellers in MENS in CT.
What are the lowest sellers in MENS in LOUISIANA?  | The lowest sellers in MENS in IL. | The lowest sellers in MENS in LA.
What are the lowest sellers in MEN in AL?  | The lowest sellers in WOMENS in AL. | The lowest sellers in MENS in AL.
What are the lowest sellers in MEN in AZ?  | The lowest sellers in WOMENS in AZ. | The lowest sellers in MENS in AZ.
What are the lowest sellers in MEN in CA?  | The lowest sellers in WOMENS in CA. | The lowest sellers in MENS in CA.
What are the lowest sellers in MEN in CT?  | The lowest sellers in WOMENS in CT. | The lowest sellers in MENS in CT.
What are the lowest sellers in MEN in GA?  | The lowest sellers in WOMENS in GA. | The lowest sellers in MENS in GA.
What are the lowest sellers in MEN in IL?  | The lowest sellers in WOMENS in IL. | The lowest sellers in MENS in IL.
What are the lowest sellers in MEN in IN?  | The lowest sellers in WOMENS in IN. | The lowest sellers in MENS in IN.
What are the lowest sellers in MEN in LA?  | The lowest sellers in WOMENS in LA. | The lowest sellers in MENS in LA.
What are the lowest sellers in MEN in MI?  | The lowest sellers in WOMENS in MI. | The lowest sellers in MENS in MI.
What are the lowest sellers in MEN in NH?  | The lowest sellers in WOMENS in NH. | The lowest sellers in MENS in NH.
What are the lowest sellers in MEN in NJ?  | The lowest sellers in WOMENS in NJ. | The lowest sellers in MENS in NJ.
What are the lowest sellers in MEN in OR?  | The lowest sellers in WOMENS in OR. | The lowest sellers in MENS in OR.
What are the lowest sellers in MEN in PA?  | The lowest sellers in WOMENS in PA. | The lowest sellers in MENS in PA.
What are the lowest sellers in MEN in TN?  | The lowest sellers in WOMENS in TN. | The lowest sellers in MENS in TN.
What are the lowest sellers in MEN in TX?  | The lowest sellers in WOMENS in TX. | The lowest sellers in MENS in TX.
What are the lowest sellers in MEN in WA?  | The lowest sellers in WOMENS in WA. | The lowest sellers in MENS in WA.
What are the lowest sellers in MEN in WV?  | The lowest sellers in WOMENS in WV. | The lowest sellers in MENS in WV.
What are the lowest sellers in MEN in WY?  | The lowest sellers in WOMENS in WY. | The lowest sellers in MENS in WY.
What are the lowest sellers in MEN in ALABAMA?  | The lowest sellers in WOMENS in AL. | The lowest sellers in MENS in AL.
What are the lowest sellers in MEN in ARIZONA?  | The lowest sellers in WOMENS in AZ. | The lowest sellers in MENS in AZ.
What are the lowest sellers in MEN in CALIFORNIA?  | The lowest sellers in WOMENS in CA. | The lowest sellers in MENS in CA.
What are the lowest sellers in MEN in CONNECTICUT?  | The lowest sellers in MENS in WA. | The lowest sellers in MENS in CT.
What are the lowest sellers in MEN in GEORGIA?  | The lowest sellers in WOMENS in GA. | The lowest sellers in MENS in GA.
What are the lowest sellers in MEN in ILLINOIS?  | The lowest sellers in WOMENS in IL. | The lowest sellers in MENS in IL.
What are the lowest sellers in MEN in LOUISIANA?  | The lowest sellers in WOMENS in IL. | The lowest sellers in MENS in LA.
What are the lowest sellers in MEN in MICHIGAN?  | The lowest sellers in WOMENS in MI. | The lowest sellers in MENS in MI.
What are the lowest sellers in MEN in NEW HAMPSHIRE?  | The lowest sellers in WOMENS in NH. | The lowest sellers in MENS in NH.
What are the lowest sellers in MEN in NEW JERSEY?  | The lowest sellers in WOMENS in NJ. | The lowest sellers in MENS in NJ.
What are the lowest sellers in MEN in OREGON?  | The lowest sellers in WOMENS in OR. | The lowest sellers in MENS in OR.
What are the lowest sellers in MEN in PENNSYLVANIA?  | The lowest sellers in WOMENS in PA. | The lowest sellers in MENS in PA.
What are the lowest sellers in MEN in TENNESSEE?  | The lowest sellers in WOMENS in TN. | The lowest sellers in MENS in TN.
What are the lowest sellers in MEN in TEXAS?  | The lowest sellers in WOMENS in TX. | The lowest sellers in MENS in TX.
What are the lowest sellers in MEN in WASHINGTON?  | The lowest sellers in WOMENS in WA. | The lowest sellers in MENS in WA.
What are the lowest sellers in MEN in WEST VIRGINIA?  | The lowest sellers in WOMENS in WV. | The lowest sellers in MENS in WV.
What are the lowest sellers in MEN in WYOMING?  | The lowest sellers in WOMENS in WY. | The lowest sellers in MENS in WY.
What are the lowest sellers in WOMENS in LOUISIANA?  | The lowest sellers in WOMENS in IL. | The lowest sellers in WOMENS in LA.
What are the lowest sellers in WOMEN in LOUISIANA?  | The lowest sellers in WOMENS in IL. | The lowest sellers in WOMENS in LA.
What are the lowest sellers in JUNIORS in CONNECTICUT?  | The lowest sellers in JUNIORS in OR. | The lowest sellers in JUNIORS in CT.
What are the lowest sellers in JUNIOR in TX?  | The lowest sellers in OTHER in TX. | The lowest sellers in JUNIORS in TX.
What are the lowest sellers in JUNIOR in NEW HAMPSHIRE?  | The lowest sellers in HOME in NJ. | The lowest sellers in JUNIORS in NH.
What are the lowest sellers in CHILDRENS in LOUISIANA?  | The lowest sellers in CHILDRENS in IL. | The lowest sellers in CHILDRENS in LA.
What are the lowest sellers in CHILDREN in LOUISIANA?  | The lowest sellers in CHILDRENS in IL. | The lowest sellers in CHILDRENS in LA.
What are the lowest sellers in CHILDREN in WYOMING?  | The lowest sellers in CHILDRENS in WA. | The lowest sellers in CHILDRENS in WY.
What are the lowest sellers in COSMETICS in CONNECTICUT?  | The lowest sellers in COSMETICS in IN. | The lowest sellers in COSMETICS in CT.
What are the lowest sellers in COSMETICS in LOUISIANA?  | The lowest sellers in COSMETICS in IL. | The lowest sellers in COSMETICS in LA.
What are the lowest sellers in COSMETIC in CONNECTICUT?  | The lowest sellers in COSMETICS in IN. | The lowest sellers in COSMETICS in CT.
What are the lowest sellers in COSMETIC in LOUISIANA?  | The lowest sellers in COSMETICS in IL. | The lowest sellers in COSMETICS in LA.
What are the lowest sellers in ACCESSORIES in CONNECTICUT?  | The lowest sellers in ACCESSORIES in CA. | The lowest sellers in ACCESSORIES in CT.
What are the lowest sellers in ACCESSORY in CONNECTICUT?  | The lowest sellers in ACCESSORIES in CA. | The lowest sellers in ACCESSORIES in CT.
What are the lowest sellers in ACCESSORY in LOUISIANA?  | The lowest sellers in ACCESSORIES in IL. | The lowest sellers in ACCESSORIES in LA.
What are the lowest sellers in SHOES in LOUISIANA?  | The lowest sellers in SHOES in IL. | The lowest sellers in SHOES in LA.
What are the lowest sellers in SHOE in CONNECTICUT?  | The lowest sellers in SHOES in WA. | The lowest sellers in SHOES in CT.
What are the lowest sellers in SHOE in LOUISIANA?  | The lowest sellers in SHOES in IL. | The lowest sellers in SHOES in LA.
What are the lowest sellers in SHOE in NEW HAMPSHIRE?  | The lowest sellers in SHOES in NJ. | The lowest sellers in SHOES in NH.
What are the lowest sellers in HOME in WYOMING?  | The lowest sellers in HOME in WA. | The lowest sellers in HOME in WY.
How do sales in OTHER compare across different stores in CONNECTICUT? | How sales in OTHER compare across different stores in OR. | How sales in OTHER compare across different stores in CT.
How do sales in OTHER compare across different stores in LOUISIANA? | How sales in OTHER compare across different stores in IL. | How sales in OTHER compare across different stores in LA.
How do sales in MENS compare across different stores in CONNECTICUT? | How sales in MENS compare across different stores in OR. | How sales in MENS compare across different stores in CT.
How do sales in MENS compare across different stores in LOUISIANA? | How sales in MENS compare across different stores in IL. | How sales in MENS compare across different stores in LA.
How do sales in MEN compare across different stores in AL? | How sales in WOMENS compare across different stores in AL. | How sales in MENS compare across different stores in AL.
How do sales in MEN compare across different stores in AZ? | How sales in WOMENS compare across different stores in AZ. | How sales in MENS compare across different stores in AZ.
How do sales in MEN compare across different stores in CA? | How sales in WOMENS compare across different stores in CA. | How sales in MENS compare across different stores in CA.
How do sales in MEN compare across different stores in CT? | How sales in WOMENS compare across different stores in CT. | How sales in MENS compare across different stores in CT.
How do sales in MEN compare across different stores in GA? | How sales in WOMENS compare across different stores in GA. | How sales in MENS compare across different stores in GA.
How do sales in MEN compare across different stores in IL? | How sales in WOMENS compare across different stores in IL. | How sales in MENS compare across different stores in IL.
How do sales in MEN compare across different stores in IN? | How sales in WOMENS compare across different stores in IN. | How sales in MENS compare across different stores in IN.
How do sales in MEN compare across different stores in LA? | How sales in WOMENS compare across different stores in LA. | How sales in MENS compare across different stores in LA.
How do sales in MEN compare across different stores in MI? | How sales in WOMENS compare across different stores in MI. | How sales in MENS compare across different stores in MI.
How do sales in MEN compare across different stores in NH? | How sales in WOMENS compare across different stores in NH. | How sales in MENS compare across different stores in NH.
How do sales in MEN compare across different stores in NJ? | How sales in WOMENS compare across different stores in NJ. | How sales in MENS compare across different stores in NJ.
How do sales in MEN compare across different stores in OR? | How sales in WOMENS compare across different stores in OR. | How sales in MENS compare across different stores in OR.
How do sales in MEN compare across different stores in PA? | How sales in WOMENS compare across different stores in PA. | How sales in MENS compare across different stores in PA.
How do sales in MEN compare across different stores in TN? | How sales in WOMENS compare across different stores in TN. | How sales in MENS compare across different stores in TN.
How do sales in MEN compare across different stores in TX? | How sales in WOMENS compare across different stores in TX. | How sales in MENS compare across different stores in TX.
How do sales in MEN compare across different stores in WA? | How sales in WOMENS compare across different stores in WA. | How sales in MENS compare across different stores in WA.
How do sales in MEN compare across different stores in WV? | How sales in WOMENS compare across different stores in WV. | How sales in MENS compare across different stores in WV.
How do sales in MEN compare across different stores in WY? | How sales in WOMENS compare across different stores in WY. | How sales in MENS compare across different stores in WY.
How do sales in MEN compare across different stores in ALABAMA? | How sales in WOMENS compare across different stores in AL. | How sales in MENS compare across different stores in AL.
How do sales in MEN compare across different stores in ARIZONA? | How sales in WOMENS compare across different stores in AZ. | How sales in MENS compare across different stores in AZ.
How do sales in MEN compare across different stores in CALIFORNIA? | How sales in WOMENS compare across different stores in CA. | How sales in MENS compare across different stores in CA.
How do sales in MEN compare across different stores in CONNECTICUT? | How sales in WOMENS compare across different stores in OR. | How sales in MENS compare across different stores in CT.
How do sales in MEN compare across different stores in GEORGIA? | How sales in WOMENS compare across different stores in GA. | How sales in MENS compare across different stores in GA.
How do sales in MEN compare across different stores in ILLINOIS? | How sales in WOMENS compare across different stores in IL. | How sales in MENS compare across different stores in IL.
How do sales in MEN compare across different stores in INDIANA? | How sales in WOMENS compare across different stores in IN. | How sales in MENS compare across different stores in IN.
How do sales in MEN compare across different stores in LOUISIANA? | How sales in WOMENS compare across different stores in IL. | How sales in MENS compare across different stores in LA.
How do sales in MEN compare across different stores in MICHIGAN? | How sales in WOMENS compare across different stores in MI. | How sales in MENS compare across different stores in MI.
How do sales in MEN compare across different stores in NEW HAMPSHIRE? | How sales in WOMENS compare across different stores in NH. | How sales in MENS compare across different stores in NH.
How do sales in MEN compare across different stores in NEW JERSEY? | How sales in WOMENS compare across different stores in NJ. | How sales in MENS compare across different stores in NJ.
How do sales in MEN compare across different stores in OREGON? | How sales in WOMENS compare across different stores in OR. | How sales in MENS compare across different stores in OR.
How do sales in MEN compare across different stores in PENNSYLVANIA? | How sales in WOMENS compare across different stores in PA. | How sales in MENS compare across different stores in PA.
How do sales in MEN compare across different stores in TENNESSEE? | How sales in WOMENS compare across different stores in TN. | How sales in MENS compare across different stores in TN.
How do sales in MEN compare across different stores in TEXAS? | How sales in WOMENS compare across different stores in TX. | How sales in MENS compare across different stores in TX.
How do sales in MEN compare across different stores in WASHINGTON? | How sales in WOMENS compare across different stores in WY. | How sales in MENS compare across different stores in WA.
How do sales in MEN compare across different stores in WEST VIRGINIA? | How sales in WOMENS compare across different stores in WV. | How sales in MENS compare across different stores in WV.
How do sales in MEN compare across different stores in WYOMING? | How sales in WOMENS compare across different stores in WY. | How sales in MENS compare across different stores in WY.
How do sales in WOMENS compare across different stores in CONNECTICUT? | How sales in WOMENS compare across different stores in IN. | How sales in WOMENS compare across different stores in CT.
How do sales in WOMENS compare across different stores in LOUISIANA? | How sales in WOMENS compare across different stores in IL. | How sales in WOMENS compare across different stores in LA.
How do sales in JUNIOR compare across different stores in LOUISIANA? | How sales in JUNIORS compare across different stores in IL. | How sales in JUNIORS compare across different stores in LA.
How do sales in JUNIOR compare across different stores in OREGON? | How sales in JUNIORS compare across different stores in CT. | How sales in JUNIORS compare across different stores in OR.
How do sales in CHILDRENS compare across different stores in CONNECTICUT? | How sales in CHILDRENS compare across different stores in IN. | How sales in CHILDRENS compare across different stores in CT.
How do sales in CHILDREN compare across different stores in CONNECTICUT? | How sales in CHILDRENS compare across different stores in IN. | How sales in CHILDRENS compare across different stores in CT.
How do sales in CHILDREN compare across different stores in LOUISIANA? | How sales in CHILDRENS compare across different stores in IL. | How sales in CHILDRENS compare across different stores in LA.
How do sales in COSMETICS compare across different stores in CONNECTICUT? | How sales in COSMETICS compare across different stores in OR. | How sales in COSMETICS compare across different stores in CT.
How do sales in COSMETIC compare across different stores in CONNECTICUT? | How sales in COSMETICS compare across different stores in OR. | How sales in COSMETICS compare across different stores in CT.
How do sales in COSMETIC compare across different stores in LOUISIANA? | How sales in COSMETICS compare across different stores in IL. | How sales in COSMETICS compare across different stores in LA.
How do sales in ACCESSORY compare across different stores in LOUISIANA? | How sales in ACCESSORIES compare across different stores in IL. | How sales in ACCESSORIES compare across different stores in LA.
How do sales in SHOE compare across different stores in NEW HAMPSHIRE? | How sales in SHOES compare across different stores in NJ. | How sales in SHOES compare across different stores in NH.
How do sales in HOME compare across different stores in CONNECTICUT? | How sales in HOME compare across different stores in OR. | How sales in HOME compare across different stores in CT.
What store in CONNECTICUT sells the most in OTHER? | What store in OR sells the most in OTHER. | What store in CT sells the most in OTHER.
What store in AL sells the most in MEN? | What store in AL sells the most in WOMENS. | What store in AL sells the most in MENS.
What store in AZ sells the most in MEN? | What store in AZ sells the most in WOMENS. | What store in AZ sells the most in MENS.
What store in CA sells the most in MEN? | What store in CA sells the most in WOMENS. | What store in CA sells the most in MENS.
What store in CT sells the most in MEN? | What store in CT sells the most in WOMENS. | What store in CT sells the most in MENS.
What store in GA sells the most in MEN? | What store in GA sells the most in WOMENS. | What store in GA sells the most in MENS.
What store in IL sells the most in MEN? | What store in IL sells the most in WOMENS. | What store in IL sells the most in MENS.
What store in IN sells the most in MEN? | What store in IN sells the most in WOMENS. | What store in IN sells the most in MENS.
What store in LA sells the most in MEN? | What store in LA sells the most in WOMENS. | What store in LA sells the most in MENS.
What store in MI sells the most in MEN? | What store in MI sells the most in WOMENS. | What store in MI sells the most in MENS.
What store in NH sells the most in MEN? | What store in NH sells the most in WOMENS. | What store in NH sells the most in MENS.
What store in NJ sells the most in MEN? | What store in NJ sells the most in WOMENS. | What store in NJ sells the most in MENS.
What store in OR sells the most in MEN? | What store in OR sells the most in WOMENS. | What store in OR sells the most in MENS.
What store in PA sells the most in MEN? | What store in PA sells the most in WOMENS. | What store in PA sells the most in MENS.
What store in TN sells the most in MEN? | What store in TN sells the most in WOMENS. | What store in TN sells the most in MENS.
What store in TX sells the most in MEN? | What store in TX sells the most in WOMENS. | What store in TX sells the most in MENS.
What store in WA sells the most in MEN? | What store in WA sells the most in WOMENS. | What store in WA sells the most in MENS.
What store in WV sells the most in MEN? | What store in WV sells the most in WOMENS. | What store in WV sells the most in MENS.
What store in WY sells the most in MEN? | What store in WY sells the most in WOMENS. | What store in WY sells the most in MENS.
What store in ALABAMA sells the most in MEN? | What store in AL sells the most in WOMENS. | What store in AL sells the most in MENS.
What store in ARIZONA sells the most in MEN? | What store in AZ sells the most in WOMENS. | What store in AZ sells the most in MENS.
What store in CALIFORNIA sells the most in MEN? | What store in CA sells the most in WOMENS. | What store in CA sells the most in MENS.
What store in CONNECTICUT sells the most in MEN? | What store in CT sells the most in WOMENS. | What store in CT sells the most in MENS.
What store in GEORGIA sells the most in MEN? | What store in GA sells the most in WOMENS. | What store in GA sells the most in MENS.
What store in ILLINOIS sells the most in MEN? | What store in IL sells the most in WOMENS. | What store in IL sells the most in MENS.
What store in INDIANA sells the most in MEN? | What store in IN sells the most in WOMENS. | What store in IN sells the most in MENS.
What store in LOUISIANA sells the most in MEN? | What store in LA sells the most in WOMENS. | What store in LA sells the most in MENS.
What store in MICHIGAN sells the most in MEN? | What store in MI sells the most in WOMENS. | What store in MI sells the most in MENS.
What store in NEW HAMPSHIRE sells the most in MEN? | What store in NH sells the most in WOMENS. | What store in NH sells the most in MENS.
What store in NEW JERSEY sells the most in MEN? | What store in NJ sells the most in WOMENS. | What store in NJ sells the most in MENS.
What store in OREGON sells the most in MEN? | What store in OR sells the most in WOMENS. | What store in OR sells the most in MENS.
What store in PENNSYLVANIA sells the most in MEN? | What store in PA sells the most in WOMENS. | What store in PA sells the most in MENS.
What store in TENNESSEE sells the most in MEN? | What store in TN sells the most in WOMENS. | What store in TN sells the most in MENS.
What store in TEXAS sells the most in MEN? | What store in TX sells the most in WOMENS. | What store in TX sells the most in MENS.
What store in WASHINGTON sells the most in MEN? | What store in WA sells the most in WOMENS. | What store in WA sells the most in MENS.
What store in WEST VIRGINIA sells the most in MEN? | What store in WV sells the most in WOMENS. | What store in WV sells the most in MENS.
What store in WYOMING sells the most in MEN? | What store in WY sells the most in WOMENS. | What store in WY sells the most in MENS.
What store in CONNECTICUT sells the most in WOMENS? | What store in OR sells the most in WOMENS. | What store in CT sells the most in WOMENS.
What store in WYOMING sells the most in WOMENS? | What store in OR sells the most in WOMENS. | What store in WY sells the most in WOMENS.
What store in CONNECTICUT sells the most in WOMEN? | What store in OR sells the most in WOMENS. | What store in CT sells the most in WOMENS.
What store in WYOMING sells the most in WOMEN? | What store in OR sells the most in WOMENS. | What store in WY sells the most in WOMENS.
What store in CONNECTICUT sells the most in COSMETICS? | What store in OR sells the most in COSMETICS. | What store in CT sells the most in COSMETICS.
What store in CONNECTICUT sells the most in ACCESSORY? | What store in OR sells the most in ACCESSORIES. | What store in CT sells the most in ACCESSORIES.
What store in NEW HAMPSHIRE sells the most in SHOE? | What store in NJ sells the most in SHOES. | What store in NH sells the most in SHOES.
What is top-selling product this week in MEN in our PORTLAND,OR location? | Top-selling product this week in WOMENS in our PORTLAND,OR location. | Top-selling product this week in MENS in our PORTLAND,OR location.
What is top-selling product this week in MEN in our HOUSTON,TX location? | Top-selling product this week in WOMENS in our HOUSTON,TX location. | Top-selling product this week in MENS in our HOUSTON,TX location.
What is top-selling product this week in MEN in our FLAGSTAFF,AZ location? | Top-selling product this week in WOMENS in our FLAGSTAFF,AZ location. | Top-selling product this week in MENS in our FLAGSTAFF,AZ location.
What is top-selling product this week in MEN in our BATONROUGE,LA location? | Top-selling product this week in WOMENS in our BATONROUGE,LA location. | Top-selling product this week in MENS in our BATONROUGE,LA location.
What is top-selling product this week in MEN in our JACKSON,MI location? | Top-selling product this week in WOMENS in our JACKSON,MI location. | Top-selling product this week in MENS in our JACKSON,MI location.
What is top-selling product this week in MEN in our COLUMBUS,IN location? | Top-selling product this week in WOMENS in our COLUMBUS,IN location. | Top-selling product this week in MENS in our COLUMBUS,IN location.
What is top-selling product this week in MEN in our EUGENE,OR location? | Top-selling product this week in WOMENS in our EUGENE,OR location. | Top-selling product this week in MENS in our EUGENE,OR location.
What is top-selling product this week in MEN in our NEWORLEANS,LA location? | Top-selling product this week in WOMENS in our NEWORLEANS,LA location. | Top-selling product this week in MENS in our NEWORLEANS,LA location.
What is top-selling product this week in MEN in our BIRMINGHAM,AL location? | Top-selling product this week in WOMENS in our BIRMINGHAM,AL location. | Top-selling product this week in MENS in our BIRMINGHAM,AL location.
What is top-selling product this week in MEN in our SAN DIEGO,CA location? | Top-selling product this week in WOMENS in our SAN DIEGO,CA location. | Top-selling product this week in MENS in our SAN DIEGO,CA location.
What is top-selling product this week in MEN in our HERSHEY,PA location? | Top-selling product this week in WOMENS in our HERSHEY,PA location. | Top-selling product this week in MENS in our HERSHEY,PA location.
What is top-selling product this week in MEN in our ELPASO,TX location? | Top-selling product this week in WOMENS in our ELPASO,TX location. | Top-selling product this week in MENS in our ELPASO,TX location.
What is top-selling product this week in MEN in our LANCASTER,PA location? | Top-selling product this week in WOMENS in our LANCASTER,PA location. | Top-selling product this week in MENS in our LANCASTER,PA location.
What is top-selling product this week in MEN in our MIDDLETOWN,WV location? | Top-selling product this week in WOMENS in our MIDDLETOWN,WV location. | Top-selling product this week in MENS in our MIDDLETOWN,WV location.
What is top-selling product this week in MEN in our SEATTLE,WA location? | Top-selling product this week in WOMENS in our SEATTLE,WA location. | Top-selling product this week in MENS in our SEATTLE,WA location.
What is top-selling product this week in MEN in our PITTSBURGH,PA location? | Top-selling product this week in WOMENS in our PITTSBURGH,PA location. | Top-selling product this week in MENS in our PITTSBURGH,PA location.
What is top-selling product this week in MEN in our KOKOMO,IN location? | Top-selling product this week in WOMENS in our KOKOMO,IN location. | Top-selling product this week in MENS in our KOKOMO,IN location.
What is top-selling product this week in MEN in our PHILADELPHIA,PA location? | Top-selling product this week in WOMENS in our PHILADELPHIA,PA location. | Top-selling product this week in MENS in our PHILADELPHIA,PA location.
What is top-selling product this week in MEN in our YORK,PA location? | Top-selling product this week in WOMENS in our YORK,PA location. | Top-selling product this week in MENS in our YORK,PA location.
What is top-selling product this week in MEN in our HUNTSVILLE,AL location? | Top-selling product this week in WOMENS in our HUNTSVILLE,AL location. | Top-selling product this week in MENS in our HUNTSVILLE,AL location.
What is top-selling product this week in MEN in our DALLAS,TX location? | Top-selling product this week in WOMENS in our DALLAS,TX location. | Top-selling product this week in MENS in our DALLAS,TX location.
What is top-selling product this week in MEN in our EUREKA,CA location? | Top-selling product this week in WOMENS in our EUREKA,CA location. | Top-selling product this week in MENS in our EUREKA,CA location.
What is top-selling product this week in MEN in our TACOMA,WA location? | Top-selling product this week in WOMENS in our TACOMA,WA location. | Top-selling product this week in MENS in our TACOMA,WA location.
What is top-selling product this week in MEN in our PERU,IL location? | Top-selling product this week in WOMENS in our PERU,IL location. | Top-selling product this week in MENS in our PERU,IL location.
What is top-selling product this week in MEN in our HARTFORD,CT location? | Top-selling product this week in WOMENS in our HARTFORD,CT location. | Top-selling product this week in MENS in our HARTFORD,CT location.
What is top-selling product this week in MEN in our FORTWORTH,TX location? | Top-selling product this week in WOMENS in our FORTWORTH,TX location. | Top-selling product this week in MENS in our FORTWORTH,TX location.
What is top-selling product this week in MEN in our BLOOMNGTN,IL location? | Top-selling product this week in WOMENS in our BLOOMNGTN,IL location. | Top-selling product this week in MENS in our BLOOMNGTN,IL location.
What is top-selling product this week in MEN in our AUSTIN,TX location? | Top-selling product this week in WOMENS in our AUSTIN,TX location. | Top-selling product this week in MENS in our AUSTIN,TX location.
What is top-selling product this week in MEN in our MACON,GA location? | Top-selling product this week in WOMENS in our MACON,GA location. | Top-selling product this week in MENS in our MACON,GA location.
What is top-selling product this week in MEN in our WACO,TX location? | Top-selling product this week in WOMENS in our WACO,TX location. | Top-selling product this week in MENS in our WACO,TX location.
What is top-selling product this week in MEN in our BRICK,NJ location? | Top-selling product this week in WOMENS in our BRICK,NJ location. | Top-selling product this week in MENS in our BRICK,NJ location.
What is top-selling product this week in MEN in our MANCHESTER ,NH location? | Top-selling product this week in WOMENS in our MANCHESTER ,NH location. | Top-selling product this week in MENS in our MANCHESTER ,NH location.
What is top-selling product this week in MEN in our CONCORD,NH location? | Top-selling product this week in WOMENS in our CONCORD,NH location. | Top-selling product this week in MENS in our CONCORD,NH location.
What is top-selling product this week in MEN in our ROCKSPRNG,WY location? | Top-selling product this week in WOMENS in our ROCKSPRNG,WY location. | Top-selling product this week in MENS in our ROCKSPRNG,WY location.
What is top-selling product this week in MEN in our KNOXVILLE,TN location? | Top-selling product this week in WOMENS in our KNOXVILLE,TN location. | Top-selling product this week in MENS in our KNOXVILLE,TN location.
What is top-selling product this week in MEN in our OLYMPIA,WA location? | Top-selling product this week in WOMENS in our OLYMPIA,WA location. | Top-selling product this week in MENS in our OLYMPIA,WA location.
What is top-selling product this week in MEN in our BILOXI,MI location? | Top-selling product this week in WOMENS in our BILOXI,MI location. | Top-selling product this week in MENS in our BILOXI,MI location.
What is top-selling product this week in JUNIOR in our PORTLAND,OR location? | Top-selling product this week in HOME in our PORTLAND,OR location. | Top-selling product this week in JUNIORS in our PORTLAND,OR location.
What is top-selling product this week in JUNIOR in our HOUSTON,TX location? | Top-selling product this week in HOME in our HOUSTON,TX location. | Top-selling product this week in JUNIORS in our HOUSTON,TX location.
What is top-selling product this week in JUNIOR in our BATONROUGE,LA location? | Top-selling product this week in ACCESSORIES in our BATONROUGE,LA location. | Top-selling product this week in JUNIORS in our BATONROUGE,LA location.
What is top-selling product this week in JUNIOR in our JACKSON,MI location? | Top-selling product this week in HOME in our JACKSON,MI location. | Top-selling product this week in JUNIORS in our JACKSON,MI location.
What is top-selling product this week in JUNIOR in our COLUMBUS,IN location? | Top-selling product this week in HOME in our COLUMBUS,IN location. | Top-selling product this week in JUNIORS in our COLUMBUS,IN location.
What is top-selling product this week in JUNIOR in our EUGENE,OR location? | Top-selling product this week in ACCESSORIES in our EUGENE,OR location. | Top-selling product this week in JUNIORS in our EUGENE,OR location.
What is top-selling product this week in JUNIOR in our NEWORLEANS,LA location? | Top-selling product this week in HOME in our NEWORLEANS,LA location. | Top-selling product this week in JUNIORS in our NEWORLEANS,LA location.
What is top-selling product this week in JUNIOR in our SAN DIEGO,CA location? | Top-selling product this week in HOME in our SAN DIEGO,CA location. | Top-selling product this week in JUNIORS in our SAN DIEGO,CA location.
What is top-selling product this week in JUNIOR in our HERSHEY,PA location? | Top-selling product this week in HOME in our HERSHEY,PA location. | Top-selling product this week in JUNIORS in our HERSHEY,PA location.
What is top-selling product this week in JUNIOR in our ELPASO,TX location? | Top-selling product this week in HOME in our ELPASO,TX location. | Top-selling product this week in JUNIORS in our ELPASO,TX location.
What is top-selling product this week in JUNIOR in our LANCASTER,PA location? | Top-selling product this week in HOME in our LANCASTER,PA location. | Top-selling product this week in JUNIORS in our LANCASTER,PA location.
What is top-selling product this week in JUNIOR in our MIDDLETOWN,WV location? | Top-selling product this week in HOME in our MIDDLETOWN,WV location. | Top-selling product this week in JUNIORS in our MIDDLETOWN,WV location.
What is top-selling product this week in JUNIOR in our SEATTLE,WA location? | Top-selling product this week in HOME in our SEATTLE,WA location. | Top-selling product this week in JUNIORS in our SEATTLE,WA location.
What is top-selling product this week in JUNIOR in our PITTSBURGH,PA location? | Top-selling product this week in HOME in our PITTSBURGH,PA location. | Top-selling product this week in JUNIORS in our PITTSBURGH,PA location.
What is top-selling product this week in JUNIOR in our KOKOMO,IN location? | Top-selling product this week in HOME in our KOKOMO,IN location. | Top-selling product this week in JUNIORS in our KOKOMO,IN location.
What is top-selling product this week in JUNIOR in our PHILADELPHIA,PA location? | Top-selling product this week in ACCESSORIES in our PHILADELPHIA,PA location. | Top-selling product this week in JUNIORS in our PHILADELPHIA,PA location.
What is top-selling product this week in JUNIOR in our YORK,PA location? | Top-selling product this week in HOME in our YORK,PA location. | Top-selling product this week in JUNIORS in our YORK,PA location.
What is top-selling product this week in JUNIOR in our HUNTSVILLE,AL location? | Top-selling product this week in HOME in our HUNTSVILLE,AL location. | Top-selling product this week in JUNIORS in our HUNTSVILLE,AL location.
What is top-selling product this week in JUNIOR in our DALLAS,TX location? | Top-selling product this week in HOME in our DALLAS,TX location. | Top-selling product this week in JUNIORS in our DALLAS,TX location.
What is top-selling product this week in JUNIOR in our EUREKA,CA location? | Top-selling product this week in HOME in our EUREKA,CA location. | Top-selling product this week in JUNIORS in our EUREKA,CA location.
What is top-selling product this week in JUNIOR in our TACOMA,WA location? | Top-selling product this week in HOME in our TACOMA,WA location. | Top-selling product this week in JUNIORS in our TACOMA,WA location.
What is top-selling product this week in JUNIOR in our PERU,IL location? | Top-selling product this week in HOME in our PERU,IL location. | Top-selling product this week in JUNIORS in our PERU,IL location.
What is top-selling product this week in JUNIOR in our HARTFORD,CT location? | Top-selling product this week in ACCESSORIES in our HARTFORD,CT location. | Top-selling product this week in JUNIORS in our HARTFORD,CT location.
What is top-selling product this week in JUNIOR in our FORTWORTH,TX location? | Top-selling product this week in HOME in our FORTWORTH,TX location. | Top-selling product this week in JUNIORS in our FORTWORTH,TX location.
What is top-selling product this week in JUNIOR in our BLOOMNGTN,IL location? | Top-selling product this week in HOME in our BLOOMNGTN,IL location. | Top-selling product this week in JUNIORS in our BLOOMNGTN,IL location.
What is top-selling product this week in JUNIOR in our AUSTIN,TX location? | Top-selling product this week in HOME in our AUSTIN,TX location. | Top-selling product this week in JUNIORS in our AUSTIN,TX location.
What is top-selling product this week in JUNIOR in our MACON,GA location? | Top-selling product this week in HOME in our MACON,GA location. | Top-selling product this week in JUNIORS in our MACON,GA location.
What is top-selling product this week in JUNIOR in our WACO,TX location? | Top-selling product this week in HOME in our WACO,TX location. | Top-selling product this week in JUNIORS in our WACO,TX location.
What is top-selling product this week in JUNIOR in our BRICK,NJ location? | Top-selling product this week in HOME in our BRICK,NJ location. | Top-selling product this week in JUNIORS in our BRICK,NJ location.
What is top-selling product this week in JUNIOR in our MANCHESTER ,NH location? | Top-selling product this week in ACCESSORIES in our MANCHESTER ,NH location. | Top-selling product this week in JUNIORS in our MANCHESTER ,NH location.
What is top-selling product this week in JUNIOR in our CONCORD,NH location? | Top-selling product this week in HOME in our CONCORD,NH location. | Top-selling product this week in JUNIORS in our CONCORD,NH location.
What is top-selling product this week in JUNIOR in our ROCKSPRNG,WY location? | Top-selling product this week in ACCESSORIES in our ROCKSPRNG,WY location. | Top-selling product this week in JUNIORS in our ROCKSPRNG,WY location.
What is top-selling product this week in JUNIOR in our KNOXVILLE,TN location? | Top-selling product this week in HOME in our KNOXVILLE,TN location. | Top-selling product this week in JUNIORS in our KNOXVILLE,TN location.
What is top-selling product this week in JUNIOR in our OLYMPIA,WA location? | Top-selling product this week in HOME in our OLYMPIA,WA location. | Top-selling product this week in JUNIORS in our OLYMPIA,WA location.
What is top-selling product this week in JUNIOR in our BILOXI,MI location? | Top-selling product this week in HOME in our BILOXI,MI location. | Top-selling product this week in JUNIORS in our BILOXI,MI location.
What is the sell thru rate for MEN in PORTLAND,OR? | The sell thru rate for WOMENS in PORTLAND,OR. | The sell thru rate for MENS in PORTLAND,OR.
What is the sell thru rate for MEN in HOUSTON,TX? | The sell thru rate for WOMENS in HOUSTON,TX. | The sell thru rate for MENS in HOUSTON,TX.
What is the sell thru rate for MEN in FLAGSTAFF,AZ? | The sell thru rate for WOMENS in FLAGSTAFF,AZ. | The sell thru rate for MENS in FLAGSTAFF,AZ.
What is the sell thru rate for MEN in BATONROUGE,LA? | The sell thru rate for WOMENS in BATONROUGE,LA. | The sell thru rate for MENS in BATONROUGE,LA.
What is the sell thru rate for MEN in EUGENE,OR? | The sell thru rate for WOMENS in EUGENE,OR. | The sell thru rate for MENS in EUGENE,OR.
What is the sell thru rate for MEN in BIRMINGHAM,AL? | The sell thru rate for WOMENS in BIRMINGHAM,AL. | The sell thru rate for MENS in BIRMINGHAM,AL.
What is the sell thru rate for MEN in SAN DIEGO,CA? | The sell thru rate for WOMENS in SAN DIEGO,CA. | The sell thru rate for MENS in SAN DIEGO,CA.
What is the sell thru rate for MEN in HERSHEY,PA? | The sell thru rate for WOMENS in HERSHEY,PA. | The sell thru rate for MENS in HERSHEY,PA.
What is the sell thru rate for MEN in ELPASO,TX? | The sell thru rate for WOMENS in ELPASO,TX. | The sell thru rate for MENS in ELPASO,TX.
What is the sell thru rate for MEN in LANCASTER,PA? | The sell thru rate for WOMENS in LANCASTER,PA. | The sell thru rate for MENS in LANCASTER,PA.
What is the sell thru rate for MEN in SEATTLE,WA? | The sell thru rate for WOMENS in SEATTLE,WA. | The sell thru rate for MENS in SEATTLE,WA.
What is the sell thru rate for MEN in PITTSBURGH,PA? | The sell thru rate for WOMENS in PITTSBURGH,PA. | The sell thru rate for MENS in PITTSBURGH,PA.
What is the sell thru rate for MEN in KOKOMO,IN? | The sell thru rate for WOMENS in KOKOMO,IN. | The sell thru rate for MENS in KOKOMO,IN.
What is the sell thru rate for MEN in PHILADELPHIA,PA? | The sell thru rate for WOMENS in PHILADELPHIA,PA. | The sell thru rate for MENS in PHILADELPHIA,PA.
What is the sell thru rate for MEN in YORK,PA? | The sell thru rate for WOMENS in YORK,PA. | The sell thru rate for MENS in YORK,PA.
What is the sell thru rate for MEN in DALLAS,TX? | The sell thru rate for WOMENS in DALLAS,TX. | The sell thru rate for MENS in DALLAS,TX.
What is the sell thru rate for MEN in EUREKA,CA? | The sell thru rate for WOMENS in EUREKA,CA. | The sell thru rate for MENS in EUREKA,CA.
What is the sell thru rate for MEN in TACOMA,WA? | The sell thru rate for WOMENS in TACOMA,WA. | The sell thru rate for MENS in TACOMA,WA.
What is the sell thru rate for MEN in PERU,IL? | The sell thru rate for WOMENS in PERU,IL. | The sell thru rate for MENS in PERU,IL.
What is the sell thru rate for MEN in HARTFORD,CT? | The sell thru rate for WOMENS in HARTFORD,CT. | The sell thru rate for MENS in HARTFORD,CT.
What is the sell thru rate for MEN in BLOOMNGTN,IL? | The sell thru rate for WOMENS in BLOOMNGTN,IL. | The sell thru rate for MENS in BLOOMNGTN,IL.
What is the sell thru rate for MEN in AUSTIN,TX? | The sell thru rate for WOMENS in AUSTIN,TX. | The sell thru rate for MENS in AUSTIN,TX.
What is the sell thru rate for MEN in MACON,GA? | The sell thru rate for WOMENS in MACON,GA. | The sell thru rate for MENS in MACON,GA.
What is the sell thru rate for MEN in WACO,TX? | The sell thru rate for WOMENS in WACO,TX. | The sell thru rate for MENS in WACO,TX.
What is the sell thru rate for MEN in BRICK,NJ? | The sell thru rate for WOMENS in BRICK,NJ. | The sell thru rate for MENS in BRICK,NJ.
What is the sell thru rate for MEN in CONCORD,NH? | The sell thru rate for WOMENS in CONCORD,NH. | The sell thru rate for MENS in CONCORD,NH.
What is the sell thru rate for MEN in ROCKSPRNG,WY? | The sell thru rate for WOMENS in ROCKSPRNG,WY. | The sell thru rate for MENS in ROCKSPRNG,WY.
What is the sell thru rate for MEN in KNOXVILLE,TN? | The sell thru rate for WOMENS in KNOXVILLE,TN. | The sell thru rate for MENS in KNOXVILLE,TN.
What is the sell thru rate for MEN in OLYMPIA,WA? | The sell thru rate for WOMENS in OLYMPIA,WA. | The sell thru rate for MENS in OLYMPIA,WA.
What is the sell thru rate for MEN in BILOXI,MI? | The sell thru rate for WOMENS in BILOXI,MI. | The sell thru rate for MENS in BILOXI,MI.
How much on hand inventory do we have in MENS in NEWORLEANS,LA? | On hand inventory of MENS in BRICK,NJ. | On hand inventory of MENS in NEWORLEANS,LA.
How much on hand inventory do we have in MENS in PHILADELPHIA,PA? | On hand inventory of MENS in PITTSBURGH,PA. | On hand inventory of MENS in PHILADELPHIA,PA.
How much on hand inventory do we have in MEN in PORTLAND,OR? | On hand inventory of WOMENS in PORTLAND,OR. | On hand inventory of MENS in PORTLAND,OR.
How much on hand inventory do we have in MEN in EUGENE,OR? | On hand inventory of WOMENS in EUGENE,OR. | On hand inventory of MENS in EUGENE,OR.
How much on hand inventory do we have in MEN in SEATTLE,WA? | On hand inventory of WOMENS in SEATTLE,WA. | On hand inventory of MENS in SEATTLE,WA.
How much on hand inventory do we have in MEN in PHILADELPHIA,PA? | On hand inventory of WOMENS in PHILADELPHIA,PA. | On hand inventory of MENS in PHILADELPHIA,PA.
How much on hand inventory do we have in MEN in YORK,PA? | On hand inventory of SHOES in YORK,PA. | On hand inventory of MENS in YORK,PA.
How much on hand inventory do we have in MEN in HUNTSVILLE,AL? | On hand inventory of SHOES in HUNTSVILLE,AL. | On hand inventory of MENS in HUNTSVILLE,AL.
How much on hand inventory do we have in MEN in EUREKA,CA? | On hand inventory of WOMENS in EUREKA,CA. | On hand inventory of MENS in EUREKA,CA.
How much on hand inventory do we have in MEN in HARTFORD,CT? | On hand inventory of SHOES in HARTFORD,CT. | On hand inventory of MENS in HARTFORD,CT.
How much on hand inventory do we have in MEN in AUSTIN,TX? | On hand inventory of MENS in FORTWORTH,TX. | On hand inventory of MENS in AUSTIN,TX.
How much on hand inventory do we have in JUNIOR in HERSHEY,PA? | On hand inventory of SHOES in HERSHEY,PA. | On hand inventory of JUNIORS in HERSHEY,PA.
How much on hand inventory do we have in JUNIOR in ELPASO,TX? | On hand inventory of OTHER in ELPASO,TX. | On hand inventory of JUNIORS in ELPASO,TX.
How much on hand inventory do we have in JUNIOR in LANCASTER,PA? | On hand inventory of OTHER in LANCASTER,PA. | On hand inventory of JUNIORS in LANCASTER,PA.
How much on hand inventory do we have in JUNIOR in MIDDLETOWN,WV? | On hand inventory of SHOES in MIDDLETOWN,WV. | On hand inventory of JUNIORS in MIDDLETOWN,WV.
How much on hand inventory do we have in JUNIOR in SEATTLE,WA? | On hand inventory of OTHER in SEATTLE,WA. | On hand inventory of JUNIORS in SEATTLE,WA.
How much on hand inventory do we have in JUNIOR in PHILADELPHIA,PA? | On hand inventory of OTHER in PHILADELPHIA,PA. | On hand inventory of JUNIORS in PHILADELPHIA,PA.
How much on hand inventory do we have in JUNIOR in PERU,IL? | On hand inventory of OTHER in PERU,IL. | On hand inventory of JUNIORS in PERU,IL.
How much on hand inventory do we have in JUNIOR in HARTFORD,CT? | On hand inventory of OTHER in HARTFORD,CT. | On hand inventory of JUNIORS in HARTFORD,CT.
How much on hand inventory do we have in JUNIOR in FORTWORTH,TX? | On hand inventory of OTHER in FORTWORTH,TX. | On hand inventory of JUNIORS in FORTWORTH,TX.
How much on hand inventory do we have in JUNIOR in OLYMPIA,WA? | On hand inventory of OTHER in OLYMPIA,WA. | On hand inventory of JUNIORS in OLYMPIA,WA.
How much on hand inventory do we have in ACCESSORY in PORTLAND,OR? | On hand inventory of OTHER in PORTLAND,OR. | On hand inventory of ACCESSORIES in PORTLAND,OR.
How much on hand inventory do we have in ACCESSORY in FLAGSTAFF,AZ? | On hand inventory of SHOES in FLAGSTAFF,AZ. | On hand inventory of ACCESSORIES in FLAGSTAFF,AZ.
How much on hand inventory do we have in ACCESSORY in BATONROUGE,LA? | On hand inventory of SHOES in BATONROUGE,LA. | On hand inventory of ACCESSORIES in BATONROUGE,LA.
How much on hand inventory do we have in ACCESSORY in JACKSON,MI? | On hand inventory of OTHER in JACKSON,MI. | On hand inventory of ACCESSORIES in JACKSON,MI.
How much on hand inventory do we have in ACCESSORY in COLUMBUS,IN? | On hand inventory of OTHER in COLUMBUS,IN. | On hand inventory of ACCESSORIES in COLUMBUS,IN.
How much on hand inventory do we have in ACCESSORY in EUGENE,OR? | On hand inventory of OTHER in EUGENE,OR. | On hand inventory of ACCESSORIES in EUGENE,OR.
How much on hand inventory do we have in ACCESSORY in NEWORLEANS,LA? | On hand inventory of OTHER in NEWORLEANS,LA. | On hand inventory of ACCESSORIES in NEWORLEANS,LA.
How much on hand inventory do we have in ACCESSORY in BIRMINGHAM,AL? | On hand inventory of SHOES in BIRMINGHAM,AL. | On hand inventory of ACCESSORIES in BIRMINGHAM,AL.
How much on hand inventory do we have in ACCESSORY in HERSHEY,PA? | On hand inventory of SHOES in HERSHEY,PA. | On hand inventory of ACCESSORIES in HERSHEY,PA.
How much on hand inventory do we have in ACCESSORY in LANCASTER,PA? | On hand inventory of OTHER in LANCASTER,PA. | On hand inventory of ACCESSORIES in LANCASTER,PA.
How much on hand inventory do we have in ACCESSORY in MIDDLETOWN,WV? | On hand inventory of SHOES in MIDDLETOWN,WV. | On hand inventory of ACCESSORIES in MIDDLETOWN,WV.
How much on hand inventory do we have in ACCESSORY in SEATTLE,WA? | On hand inventory of OTHER in SEATTLE,WA. | On hand inventory of ACCESSORIES in SEATTLE,WA.
How much on hand inventory do we have in ACCESSORY in KOKOMO,IN? | On hand inventory of SHOES in KOKOMO,IN. | On hand inventory of ACCESSORIES in KOKOMO,IN.
How much on hand inventory do we have in ACCESSORY in TACOMA,WA? | On hand inventory of OTHER in TACOMA,WA. | On hand inventory of ACCESSORIES in TACOMA,WA.
How much on hand inventory do we have in ACCESSORY in PERU,IL? | On hand inventory of OTHER in PERU,IL. | On hand inventory of ACCESSORIES in PERU,IL.
How much on hand inventory do we have in ACCESSORY in HARTFORD,CT? | On hand inventory of OTHER in HARTFORD,CT. | On hand inventory of ACCESSORIES in HARTFORD,CT.
How much on hand inventory do we have in ACCESSORY in BRICK,NJ? | On hand inventory of OTHER in BRICK,NJ. | On hand inventory of ACCESSORIES in BRICK,NJ.
How much on hand inventory do we have in ACCESSORY in MANCHESTER ,NH? | On hand inventory of OTHER in MANCHESTER ,NH. | On hand inventory of ACCESSORIES in MANCHESTER ,NH.
How much on hand inventory do we have in ACCESSORY in OLYMPIA,WA? | On hand inventory of OTHER in OLYMPIA,WA. | On hand inventory of ACCESSORIES in OLYMPIA,WA.
How much on hand inventory do we have in ACCESSORY in BILOXI,MI? | On hand inventory of OTHER in BILOXI,MI. | On hand inventory of ACCESSORIES in BILOXI,MI.
How much on hand do we have in MEN in PORTLAND,OR? | On hand inventory of WOMENS in PORTLAND,OR. | On hand inventory of MENS in PORTLAND,OR.
How much on hand do we have in MEN in FLAGSTAFF,AZ? | On hand inventory of WOMENS in FLAGSTAFF,AZ. | On hand inventory of MENS in FLAGSTAFF,AZ.
How much on hand do we have in MEN in EUGENE,OR? | On hand inventory of WOMENS in EUGENE,OR. | On hand inventory of MENS in EUGENE,OR.
How much on hand do we have in MEN in NEWORLEANS,LA? | On hand inventory of WOMENS in NEWORLEANS,LA. | On hand inventory of MENS in NEWORLEANS,LA.
How much on hand do we have in MEN in SAN DIEGO,CA? | On hand inventory of WOMENS in SAN DIEGO,CA. | On hand inventory of MENS in SAN DIEGO,CA.
How much on hand do we have in MEN in HERSHEY,PA? | On hand inventory of WOMENS in HERSHEY,PA. | On hand inventory of MENS in HERSHEY,PA.
How much on hand do we have in MEN in ELPASO,TX? | On hand inventory of WOMENS in ELPASO,TX. | On hand inventory of MENS in ELPASO,TX.
How much on hand do we have in MEN in LANCASTER,PA? | On hand inventory of WOMENS in LANCASTER,PA. | On hand inventory of MENS in LANCASTER,PA.
How much on hand do we have in MEN in SEATTLE,WA? | On hand inventory of WOMENS in SEATTLE,WA. | On hand inventory of MENS in SEATTLE,WA.
How much on hand do we have in MEN in PITTSBURGH,PA? | On hand inventory of WOMENS in PITTSBURGH,PA. | On hand inventory of MENS in PITTSBURGH,PA.
How much on hand do we have in MEN in KOKOMO,IN? | On hand inventory of WOMENS in KOKOMO,IN. | On hand inventory of MENS in KOKOMO,IN.
How much on hand do we have in MEN in PHILADELPHIA,PA? | On hand inventory of WOMENS in PHILADELPHIA,PA. | On hand inventory of MENS in PHILADELPHIA,PA.
How much on hand do we have in MEN in YORK,PA? | On hand inventory of WOMENS in YORK,PA. | On hand inventory of MENS in YORK,PA.
How much on hand do we have in MEN in HUNTSVILLE,AL? | On hand inventory of WOMENS in HUNTSVILLE,AL. | On hand inventory of MENS in HUNTSVILLE,AL.
How much on hand do we have in MEN in EUREKA,CA? | On hand inventory of WOMENS in EUREKA,CA. | On hand inventory of MENS in EUREKA,CA.
How much on hand do we have in MEN in TACOMA,WA? | On hand inventory of WOMENS in TACOMA,WA. | On hand inventory of MENS in TACOMA,WA.
How much on hand do we have in MEN in PERU,IL? | On hand inventory of WOMENS in PERU,IL. | On hand inventory of MENS in PERU,IL.
How much on hand do we have in MEN in BLOOMNGTN,IL? | On hand inventory of WOMENS in BLOOMNGTN,IL. | On hand inventory of MENS in BLOOMNGTN,IL.
How much on hand do we have in MEN in AUSTIN,TX? | On hand inventory of WOMENS in AUSTIN,TX. | On hand inventory of MENS in AUSTIN,TX.
How much on hand do we have in MEN in WACO,TX? | On hand inventory of WOMENS in WACO,TX. | On hand inventory of MENS in WACO,TX.
How much on hand do we have in MEN in BRICK,NJ? | On hand inventory of WOMENS in BRICK,NJ. | On hand inventory of MENS in BRICK,NJ.
How much on hand do we have in MEN in ROCKSPRNG,WY? | On hand inventory of WOMENS in ROCKSPRNG,WY. | On hand inventory of MENS in ROCKSPRNG,WY.
How much on hand do we have in MEN in BILOXI,MI? | On hand inventory of WOMENS in BILOXI,MI. | On hand inventory of MENS in BILOXI,MI.
How much on hand do we have in JUNIOR in EUGENE,OR? | The sell thru rate for JUNIORS in EUGENE,OR. | On hand inventory of JUNIORS in EUGENE,OR.
How much on hand do we have in HOME in PORTLAND,OR? | The sell thru rate for HOME in PORTLAND,OR. | On hand inventory of HOME in PORTLAND,OR.
How much on hand do we have in HOME in EUGENE,OR? | The sell thru rate for HOME in EUGENE,OR. | On hand inventory of HOME in EUGENE,OR.
How much on hand do we have in HOME in SEATTLE,WA? | The sell thru rate for HOME in SEATTLE,WA. | On hand inventory of HOME in SEATTLE,WA.
How much on hand in MEN in PORTLAND,OR? | On hand inventory of WOMENS in PORTLAND,OR. | On hand inventory of MENS in PORTLAND,OR.
How much on hand in MEN in FLAGSTAFF,AZ? | On hand inventory of WOMENS in FLAGSTAFF,AZ. | On hand inventory of MENS in FLAGSTAFF,AZ.
How much on hand in MEN in EUGENE,OR? | On hand inventory of WOMENS in EUGENE,OR. | On hand inventory of MENS in EUGENE,OR.
How much on hand in MEN in NEWORLEANS,LA? | On hand inventory of WOMENS in NEWORLEANS,LA. | On hand inventory of MENS in NEWORLEANS,LA.
How much on hand in MEN in SAN DIEGO,CA? | On hand inventory of WOMENS in SAN DIEGO,CA. | On hand inventory of MENS in SAN DIEGO,CA.
How much on hand in MEN in LANCASTER,PA? | On hand inventory of WOMENS in LANCASTER,PA. | On hand inventory of MENS in LANCASTER,PA.
How much on hand in MEN in SEATTLE,WA? | On hand inventory of WOMENS in SEATTLE,WA. | On hand inventory of MENS in SEATTLE,WA.
How much on hand in MEN in PITTSBURGH,PA? | On hand inventory of WOMENS in PITTSBURGH,PA. | On hand inventory of MENS in PITTSBURGH,PA.
How much on hand in MEN in PHILADELPHIA,PA? | On hand inventory of WOMENS in PHILADELPHIA,PA. | On hand inventory of MENS in PHILADELPHIA,PA.
How much on hand in MEN in YORK,PA? | On hand inventory of WOMENS in YORK,PA. | On hand inventory of MENS in YORK,PA.
How much on hand in MEN in EUREKA,CA? | On hand inventory of WOMENS in EUREKA,CA. | On hand inventory of MENS in EUREKA,CA.
How much on hand in MEN in TACOMA,WA? | On hand inventory of WOMENS in TACOMA,WA. | On hand inventory of MENS in TACOMA,WA.
How much on hand in MEN in HARTFORD,CT? | On hand inventory of MENS in MIDDLETOWN,WV. | On hand inventory of MENS in HARTFORD,CT.
How much on hand in MEN in AUSTIN,TX? | On hand inventory of WOMENS in AUSTIN,TX. | On hand inventory of MENS in AUSTIN,TX.
How much on hand in MEN in ROCKSPRNG,WY? | On hand inventory of WOMENS in ROCKSPRNG,WY. | On hand inventory of MENS in ROCKSPRNG,WY.
How much on hand in JUNIOR in FLAGSTAFF,AZ? | On hand inventory of OTHER in FLAGSTAFF,AZ. | On hand inventory of JUNIORS in FLAGSTAFF,AZ.
How much on hand in JUNIOR in EUGENE,OR? | The sell thru rate for JUNIORS in EUGENE,OR. | On hand inventory of JUNIORS in EUGENE,OR.
How much on hand in JUNIOR in HERSHEY,PA? | On hand inventory of OTHER in HERSHEY,PA. | On hand inventory of JUNIORS in HERSHEY,PA.
How much on hand in JUNIOR in ELPASO,TX? | On hand inventory of OTHER in ELPASO,TX. | On hand inventory of JUNIORS in ELPASO,TX.
How much on hand in JUNIOR in LANCASTER,PA? | On hand inventory of OTHER in LANCASTER,PA. | On hand inventory of JUNIORS in LANCASTER,PA.
How much on hand in JUNIOR in SEATTLE,WA? | On hand inventory of OTHER in SEATTLE,WA. | On hand inventory of JUNIORS in SEATTLE,WA.
How much on hand in JUNIOR in PHILADELPHIA,PA? | On hand inventory of OTHER in PHILADELPHIA,PA. | On hand inventory of JUNIORS in PHILADELPHIA,PA.
How much on hand in JUNIOR in PERU,IL? | On hand inventory of OTHER in PERU,IL. | On hand inventory of JUNIORS in PERU,IL.
How much on hand in JUNIOR in FORTWORTH,TX? | On hand inventory of OTHER in FORTWORTH,TX. | On hand inventory of JUNIORS in FORTWORTH,TX.
How much on hand in JUNIOR in MACON,GA? | On hand inventory of OTHER in MACON,GA. | On hand inventory of JUNIORS in MACON,GA.
How much on hand in JUNIOR in OLYMPIA,WA? | On hand inventory of OTHER in OLYMPIA,WA. | On hand inventory of JUNIORS in OLYMPIA,WA.
How much on hand in ACCESSORY in PORTLAND,OR? | On hand inventory of OTHER in PORTLAND,OR. | On hand inventory of ACCESSORIES in PORTLAND,OR.
How much on hand in ACCESSORY in FLAGSTAFF,AZ? | On hand inventory of OTHER in FLAGSTAFF,AZ. | On hand inventory of ACCESSORIES in FLAGSTAFF,AZ.
How much on hand in ACCESSORY in BATONROUGE,LA? | On hand inventory of OTHER in BATONROUGE,LA. | On hand inventory of ACCESSORIES in BATONROUGE,LA.
How much on hand in ACCESSORY in JACKSON,MI? | On hand inventory of OTHER in JACKSON,MI. | On hand inventory of ACCESSORIES in JACKSON,MI.
How much on hand in ACCESSORY in COLUMBUS,IN? | On hand inventory of OTHER in COLUMBUS,IN. | On hand inventory of ACCESSORIES in COLUMBUS,IN.
How much on hand in ACCESSORY in NEWORLEANS,LA? | On hand inventory of OTHER in NEWORLEANS,LA. | On hand inventory of ACCESSORIES in NEWORLEANS,LA.
How much on hand in ACCESSORY in BIRMINGHAM,AL? | On hand inventory of OTHER in BIRMINGHAM,AL. | On hand inventory of ACCESSORIES in BIRMINGHAM,AL.
How much on hand in ACCESSORY in ELPASO,TX? | On hand inventory of OTHER in ELPASO,TX. | On hand inventory of ACCESSORIES in ELPASO,TX.
How much on hand in ACCESSORY in LANCASTER,PA? | On hand inventory of OTHER in LANCASTER,PA. | On hand inventory of ACCESSORIES in LANCASTER,PA.
How much on hand in ACCESSORY in MIDDLETOWN,WV? | On hand inventory of OTHER in MIDDLETOWN,WV. | On hand inventory of ACCESSORIES in MIDDLETOWN,WV.
How much on hand in ACCESSORY in SEATTLE,WA? | On hand inventory of OTHER in SEATTLE,WA. | On hand inventory of ACCESSORIES in SEATTLE,WA.
How much on hand in ACCESSORY in YORK,PA? | On hand inventory of OTHER in YORK,PA. | On hand inventory of ACCESSORIES in YORK,PA.
How much on hand in ACCESSORY in HUNTSVILLE,AL? | On hand inventory of OTHER in HUNTSVILLE,AL. | On hand inventory of ACCESSORIES in HUNTSVILLE,AL.
How much on hand in ACCESSORY in EUREKA,CA? | On hand inventory of OTHER in EUREKA,CA. | On hand inventory of ACCESSORIES in EUREKA,CA.
How much on hand in ACCESSORY in TACOMA,WA? | On hand inventory of OTHER in TACOMA,WA. | On hand inventory of ACCESSORIES in TACOMA,WA.
How much on hand in ACCESSORY in PERU,IL? | On hand inventory of OTHER in PERU,IL. | On hand inventory of ACCESSORIES in PERU,IL.
How much on hand in ACCESSORY in HARTFORD,CT? | On hand inventory of OTHER in HARTFORD,CT. | On hand inventory of ACCESSORIES in HARTFORD,CT.
How much on hand in ACCESSORY in FORTWORTH,TX? | On hand inventory of OTHER in FORTWORTH,TX. | On hand inventory of ACCESSORIES in FORTWORTH,TX.
How much on hand in ACCESSORY in BLOOMNGTN,IL? | On hand inventory of OTHER in BLOOMNGTN,IL. | On hand inventory of ACCESSORIES in BLOOMNGTN,IL.
How much on hand in ACCESSORY in AUSTIN,TX? | On hand inventory of OTHER in AUSTIN,TX. | On hand inventory of ACCESSORIES in AUSTIN,TX.
How much on hand in ACCESSORY in MACON,GA? | On hand inventory of OTHER in MACON,GA. | On hand inventory of ACCESSORIES in MACON,GA.
How much on hand in ACCESSORY in BRICK,NJ? | On hand inventory of OTHER in BRICK,NJ. | On hand inventory of ACCESSORIES in BRICK,NJ.
How much on hand in ACCESSORY in MANCHESTER ,NH? | On hand inventory of OTHER in MANCHESTER ,NH. | On hand inventory of ACCESSORIES in MANCHESTER ,NH.
How much on hand in ACCESSORY in OLYMPIA,WA? | On hand inventory of OTHER in OLYMPIA,WA. | On hand inventory of ACCESSORIES in OLYMPIA,WA.
How much on hand in ACCESSORY in BILOXI,MI? | On hand inventory of OTHER in BILOXI,MI. | On hand inventory of ACCESSORIES in BILOXI,MI.
How much on hand in HOME in EUGENE,OR? | The sell thru rate for HOME in EUGENE,OR. | On hand inventory of HOME in EUGENE,OR.
What is the category with the biggest sales opportunity at IN? | The category or genre with the biggest or most sales opportunity at IL | The category or genre with the biggest or most sales opportunity at IN
What is the category with the biggest sales opportunity at ALABAMA? | The category or genre with the biggest or most sales opportunity at HUNTSVILLE,AL | The category or genre with the biggest or most sales opportunity at AL
What is the category with the biggest sales opportunity at INDIANA? | The category or genre with the biggest or most sales opportunity at IL | The category or genre with the biggest or most sales opportunity at IN
What is the category with the biggest sales opportunity at LOUISIANA? | The category or genre with the biggest or most sales opportunity at LANCASTER,PA | The category or genre with the biggest or most sales opportunity at LA
What is the category with the biggest sales opportunity at OREGON? | The category or genre with the biggest or most sales opportunity at MACON,GA | The category or genre with the biggest or most sales opportunity at OR
What is the category with the biggest sales opportunity at PENNSYLVANIA? | The category or genre with the biggest or most sales opportunity at PITTSBURGH,PA | The category or genre with the biggest or most sales opportunity at PA
What is the opportunity at PORTLAND,OR? | Opportunities at our PORTLAND,OR location. | The sales opportunity or missed sales at PORTLAND,OR
What is the opportunity at HOUSTON,TX? | Opportunities at our HOUSTON,TX location. | The sales opportunity or missed sales at HOUSTON,TX
What is the opportunity at FLAGSTAFF,AZ? | Opportunities at our FLAGSTAFF,AZ location. | The sales opportunity or missed sales at FLAGSTAFF,AZ
What is the opportunity at BATONROUGE,LA? | Opportunities at our BATONROUGE,LA location. | The sales opportunity or missed sales at BATONROUGE,LA
What is the opportunity at JACKSON,MI? | Opportunities at our JACKSON,MI location. | The sales opportunity or missed sales at JACKSON,MI
What is the opportunity at COLUMBUS,IN? | Opportunities at our COLUMBUS,IN location. | The sales opportunity or missed sales at COLUMBUS,IN
What is the opportunity at EUGENE,OR? | Opportunities at our EUGENE,OR location. | The sales opportunity or missed sales at EUGENE,OR
What is the opportunity at NEWORLEANS,LA? | Opportunities at our NEWORLEANS,LA location. | The sales opportunity or missed sales at NEWORLEANS,LA
What is the opportunity at BIRMINGHAM,AL? | Opportunities at our BIRMINGHAM,AL location. | The sales opportunity or missed sales at BIRMINGHAM,AL
What is the opportunity at SAN DIEGO,CA? | Opportunities at our SAN DIEGO,CA location. | The sales opportunity or missed sales at SAN DIEGO,CA
What is the opportunity at HERSHEY,PA? | Opportunities at our HERSHEY,PA location. | The sales opportunity or missed sales at HERSHEY,PA
What is the opportunity at ELPASO,TX? | Opportunities at our ELPASO,TX location. | The sales opportunity or missed sales at ELPASO,TX
What is the opportunity at LANCASTER,PA? | Opportunities at our LANCASTER,PA location. | The sales opportunity or missed sales at LANCASTER,PA
What is the opportunity at MIDDLETOWN,WV? | Opportunities at our MIDDLETOWN,WV location. | The sales opportunity or missed sales at MIDDLETOWN,WV
What is the opportunity at SEATTLE,WA? | Opportunities at our SEATTLE,WA location. | The sales opportunity or missed sales at SEATTLE,WA
What is the opportunity at PITTSBURGH,PA? | Opportunities at our PITTSBURGH,PA location. | The sales opportunity or missed sales at PITTSBURGH,PA
What is the opportunity at KOKOMO,IN? | Opportunities at our KOKOMO,IN location. | The sales opportunity or missed sales at KOKOMO,IN
What is the opportunity at PHILADELPHIA,PA? | Opportunities at our PHILADELPHIA,PA location. | The sales opportunity or missed sales at PHILADELPHIA,PA
What is the opportunity at YORK,PA? | Opportunities at our YORK,PA location. | The sales opportunity or missed sales at YORK,PA
What is the opportunity at HUNTSVILLE,AL? | Opportunities at our HUNTSVILLE,AL location. | The sales opportunity or missed sales at HUNTSVILLE,AL
What is the opportunity at DALLAS,TX? | Opportunities at our DALLAS,TX location. | The sales opportunity or missed sales at DALLAS,TX
What is the opportunity at EUREKA,CA? | Opportunities at our EUREKA,CA location. | The sales opportunity or missed sales at EUREKA,CA
What is the opportunity at TACOMA,WA? | Opportunities at our TACOMA,WA location. | The sales opportunity or missed sales at TACOMA,WA
What is the opportunity at PERU,IL? | Opportunities at our PERU,IL location. | The sales opportunity or missed sales at PERU,IL
What is the opportunity at HARTFORD,CT? | Opportunities at our HARTFORD,CT location. | The sales opportunity or missed sales at HARTFORD,CT
What is the opportunity at FORTWORTH,TX? | Opportunities at our FORTWORTH,TX location. | The sales opportunity or missed sales at FORTWORTH,TX
What is the opportunity at BLOOMNGTN,IL? | Opportunities at our BLOOMNGTN,IL location. | The sales opportunity or missed sales at BLOOMNGTN,IL
What is the opportunity at AUSTIN,TX? | Opportunities at our AUSTIN,TX location. | The sales opportunity or missed sales at AUSTIN,TX
What is the opportunity at MACON,GA? | Opportunities at our MACON,GA location. | The sales opportunity or missed sales at MACON,GA
What is the opportunity at WACO,TX? | Opportunities at our WACO,TX location. | The sales opportunity or missed sales at WACO,TX
What is the opportunity at BRICK,NJ? | Opportunities at our BRICK,NJ location. | The sales opportunity or missed sales at BRICK,NJ
What is the opportunity at MANCHESTER ,NH? | Opportunities at our MANCHESTER ,NH location. | The sales opportunity or missed sales at MANCHESTER ,NH
What is the opportunity at CONCORD,NH? | Opportunities at our CONCORD,NH location. | The sales opportunity or missed sales at CONCORD,NH
What is the opportunity at ROCKSPRNG,WY? | Opportunities at our ROCKSPRNG,WY location. | The sales opportunity or missed sales at ROCKSPRNG,WY
What is the opportunity at KNOXVILLE,TN? | Opportunities at our KNOXVILLE,TN location. | The sales opportunity or missed sales at KNOXVILLE,TN
What is the opportunity at OLYMPIA,WA? | Opportunities at our OLYMPIA,WA location. | The sales opportunity or missed sales at OLYMPIA,WA
What is the opportunity at BILOXI,MI? | Opportunities at our BILOXI,MI location. | The sales opportunity or missed sales at BILOXI,MI
What is the opportunity at AL? | The biggest opportunity in AL. | The sales opportunity or missed sales at AL
What is the opportunity at AZ? | The biggest opportunity in AZ. | The sales opportunity or missed sales at AZ
What is the opportunity at CA? | The biggest opportunity in CA. | The sales opportunity or missed sales at CA
What is the opportunity at CT? | The biggest opportunity in CT. | The sales opportunity or missed sales at CT
What is the opportunity at GA? | The biggest opportunity in GA. | The sales opportunity or missed sales at GA
What is the opportunity at IL? | The biggest opportunity in IL. | The sales opportunity or missed sales at IL
What is the opportunity at IN? | The biggest opportunity in IN. | The sales opportunity or missed sales at IN
What is the opportunity at LA? | The biggest opportunity in LA. | The sales opportunity or missed sales at LA
What is the opportunity at MI? | The biggest opportunity in MI. | The sales opportunity or missed sales at MI
What is the opportunity at NH? | The biggest opportunity in NH. | The sales opportunity or missed sales at NH
What is the opportunity at NJ? | The biggest opportunity in NJ. | The sales opportunity or missed sales at NJ
What is the opportunity at OR? | The biggest opportunity in OR. | The sales opportunity or missed sales at OR
What is the opportunity at PA? | The biggest opportunity in PA. | The sales opportunity or missed sales at PA
What is the opportunity at TN? | The biggest opportunity in TN. | The sales opportunity or missed sales at TN
What is the opportunity at TX? | The biggest opportunity in TX. | The sales opportunity or missed sales at TX
What is the opportunity at WA? | The biggest opportunity in WA. | The sales opportunity or missed sales at WA
What is the opportunity at WV? | The biggest opportunity in WV. | The sales opportunity or missed sales at WV
What is the opportunity at WY? | The biggest opportunity in WY. | The sales opportunity or missed sales at WY
What is the opportunity at ALABAMA? | Opportunities at our AUSTIN,TX location. | The sales opportunity or missed sales at AL
What is the opportunity at ARIZONA? | The biggest opportunity in AZ. | The sales opportunity or missed sales at AZ
What is the opportunity at CALIFORNIA? | The biggest opportunity in CA. | The sales opportunity or missed sales at CA
What is the opportunity at CONNECTICUT? | Opportunities at our CONCORD,NH location. | The sales opportunity or missed sales at CT
What is the opportunity at GEORGIA? | The biggest opportunity in GA. | The sales opportunity or missed sales at GA
What is the opportunity at ILLINOIS? | The biggest opportunity in IL. | The sales opportunity or missed sales at IL
What is the opportunity at INDIANA? | The biggest opportunity in IN. | The sales opportunity or missed sales at IN
What is the opportunity at LOUISIANA? | Opportunities at our LANCASTER,PA location. | The sales opportunity or missed sales at LA
What is the opportunity at MICHIGAN? | The biggest opportunity in MI. | The sales opportunity or missed sales at MI
What is the opportunity at NEW HAMPSHIRE? | Opportunities at our MANCHESTER ,NH location. | The sales opportunity or missed sales at NH
What is the opportunity at NEW JERSEY? | The biggest opportunity in NJ. | The sales opportunity or missed sales at NJ
What is the opportunity at OREGON? | Opportunities at our MACON,GA location. | The sales opportunity or missed sales at OR
What is the opportunity at PENNSYLVANIA? | Opportunities at our YORK,PA location. | The sales opportunity or missed sales at PA
What is the opportunity at TENNESSEE? | The biggest opportunity in TN. | The sales opportunity or missed sales at TN
What is the opportunity at TEXAS? | The biggest opportunity in TX. | The sales opportunity or missed sales at TX
What is the opportunity at WASHINGTON? | The biggest opportunity in WA. | The sales opportunity or missed sales at WA
What is the opportunity at WEST VIRGINIA? | The biggest opportunity in WV. | The sales opportunity or missed sales at WV
What is the opportunity at WYOMING? | The sales opportunities in WOMENS in WY. | The sales opportunity or missed sales at WY
