How much on hand inventory do we have in MENS in NEWORLEANS,LA?
How much on hand inventory do we have in MENS in PHILADELPHIA,PA?
How much on hand do we have in HOME in PORTLAND,OR?
How much on hand do we have in HOME in EUGENE,OR?
How much on hand do we have in HOME in SEATTLE,WA?
How much on hand in HOME in EUGENE,OR?
What is the category with the biggest sales opportunity at IN?
What is the opportunity at PORTLAND,OR?
What is the opportunity at HOUSTON,TX?
What is the opportunity at FLAGSTAFF,AZ?
What is the opportunity at BATONROUGE,LA?
What is the opportunity at JACKSON,MI?
What is the opportunity at COLUMBUS,IN?
What is the opportunity at EUGENE,OR?
What is the opportunity at NEWORLEANS,LA?
What is the opportunity at BIRMINGHAM,AL?
What is the opportunity at SAN DIEGO,CA?
What is the opportunity at HERSHEY,PA?
What is the opportunity at ELPASO,TX?
What is the opportunity at LANCASTER,PA?
What is the opportunity at MIDDLETOWN,WV?
What is the opportunity at SEATTLE,WA?
What is the opportunity at PITTSBURGH,PA?
What is the opportunity at KOKOMO,IN?
What is the opportunity at PHILADELPHIA,PA?
What is the opportunity at YORK,PA?
What is the opportunity at HUNTSVILLE,AL?
What is the opportunity at DALLAS,TX?
What is the opportunity at EUREKA,CA?
What is the opportunity at TACOMA,WA?
What is the opportunity at PERU,IL?
What is the opportunity at HARTFORD,CT?
What is the opportunity at FORTWORTH,TX?
What is the opportunity at BLOOMNGTN,IL?
What is the opportunity at AUSTIN,TX?
What is the opportunity at MACON,GA?
What is the opportunity at WACO,TX?
What is the opportunity at BRICK,NJ?
What is the opportunity at MANCHESTER ,NH?
What is the opportunity at CONCORD,NH?
What is the opportunity at ROCKSPRNG,WY?
What is the opportunity at KNOXVILLE,TN?
What is the opportunity at OLYMPIA,WA?
What is the opportunity at BILOXI,MI?
What is the opportunity at AL?
What is the opportunity at AZ?
What is the opportunity at CA?
What is the opportunity at CT?
What is the opportunity at GA?
What is the opportunity at IL?
What is the opportunity at IN?
What is the opportunity at LA?
What is the opportunity at MI?
What is the opportunity at NH?
What is the opportunity at NJ?
What is the opportunity at OR?
What is the opportunity at PA?
What is the opportunity at TN?
What is the opportunity at TX?
What is the opportunity at WA?
What is the opportunity at WV?
What is the opportunity at WY?
